{
  "name": "Roact Benchmarks Place",
  "tree": {
    "$className": "DataModel",

    "ReplicatedStorage": {
      "$className": "ReplicatedStorage",

      "Roact": {
        "$path": "src"
      }
    },

    "ServerScriptService": {
      "$className": "ServerScriptService",

      "RoactBenchmark": {
        "$path": "benchmarks"
      }
    },

    "HttpService": {
      "$className": "HttpService",
      "$properties": {
        "HttpEnabled": true
      }
    },

    "Players": {
      "$className": "Players",
      "$properties": {
        "CharacterAutoLoads": false
      }
    }
  }
}