{
  "name": "Roact Test Place",
  "tree": {
    "$className": "DataModel",

    "ReplicatedStorage": {
      "$className": "ReplicatedStorage",

      "Roact": {
        "$path": "src"
      },

      "TestEZ": {
        "$path": "modules/testez"
      }
    },

    "StarterPlayer": {
      "$className": "StarterPlayer",

      "StarterPlayerScripts": {
        "$className": "StarterPlayerScripts",

        "RoactExamples": {
          "$path": "examples"
        }
      }
    },

    "ServerScriptService": {
      "$className": "ServerScriptService",

      "RoactTests": {
        "$path": "bin/run-tests.server.lua"
      }
    },

    "HttpService": {
      "$className": "HttpService",
      "$properties": {
        "HttpEnabled": true
      }
    },

    "Players": {
      "$className": "Players",
      "$properties": {
        "CharacterAutoLoads": false
      }
    }
  }
}